requirement_id,mandatory_yes_no,acceptance_check,scope,exclusion_reason,current_dependency_yes_no,scope_owner
R01,yes,Choose service type,current,,no,Synthetic scope reviewer
R02,yes,Preserve details when navigating,current,,no,Synthetic scope reviewer
R03,yes,Identify requester,current,,no,Synthetic scope reviewer
R04,yes,Show field validation,current,,no,Synthetic scope reviewer
R05,yes,Specify pending state,current,,no,Synthetic scope reviewer
R06,yes,Show unique success reference,current,,no,Synthetic scope reviewer
R07,yes,Recover from network failure,current,,no,Synthetic scope reviewer
R08,yes,Prevent duplicate submission,current,,no,Synthetic scope reviewer
R09,yes,Allow cancellation before submission,current,,no,Synthetic scope reviewer
R10,yes,Confirm consequential access change,current,,no,Synthetic scope reviewer
