requirement_id,mandatory_yes_no,acceptance_check,scope,exclusion_reason,current_dependency_yes_no,scope_owner,specified_status,specified_evidence_location,specified_reason,walkthrough_status,walkthrough_evidence_location,walkthrough_reason,implemented_status,implemented_evidence_location,implemented_reason,runtime_tested_status,runtime_tested_evidence_location,runtime_tested_reason,assessor,assessed_at,rationale
R01,yes,Choose service type,current,,no,Synthetic scope reviewer,pass,artifact.html#details,,pass,walkthrough.md#r01,,unassessed,,Specification only; no code supplied.,unassessed,,No running system or runtime test supplied.,Synthetic reviewer,2026-09-26T12:00:00Z,Service selection is present.
R02,yes,Preserve details when navigating,current,,no,Synthetic scope reviewer,pass,artifact.html#details,,pass,walkthrough.md#r02,,unassessed,,Specification only; no code supplied.,unassessed,,No running system or runtime test supplied.,Synthetic reviewer,2026-09-26T12:00:00Z,Return control is labeled Go; text is preserved.
R03,yes,Identify requester,current,,no,Synthetic scope reviewer,pass,artifact.html#details,,pass,walkthrough.md#r03,,unassessed,,Specification only; no code supplied.,unassessed,,No running system or runtime test supplied.,Synthetic reviewer,2026-09-26T12:00:00Z,Requester field is present.
R04,yes,Show field validation,current,,no,Synthetic scope reviewer,pass,artifact.html#validation,,pass,walkthrough.md#r04,,unassessed,,Specification only; no code supplied.,unassessed,,No running system or runtime test supplied.,Synthetic reviewer,2026-09-26T12:00:00Z,Required-field message says Something is wrong; field is identified.
R05,yes,Specify pending state,current,,no,Synthetic scope reviewer,fail,artifact.html#boundary,,fail,walkthrough.md#r05,,unassessed,,Specification only; no code supplied.,unassessed,,No running system or runtime test supplied.,Synthetic reviewer,2026-09-26T12:00:00Z,No pending-state behavior is specified.
R06,yes,Show unique success reference,current,,no,Synthetic scope reviewer,pass,artifact.html#response,,pass,walkthrough.md#r06,,unassessed,,Specification only; no code supplied.,unassessed,,No running system or runtime test supplied.,Synthetic reviewer,2026-09-26T12:00:00Z,"Unique reference is present, with inconsistent formatting."
R07,yes,Recover from network failure,current,,no,Synthetic scope reviewer,fail,artifact.html#boundary,,fail,walkthrough.md#r07,,unassessed,,Specification only; no code supplied.,unassessed,,No running system or runtime test supplied.,Synthetic reviewer,2026-09-26T12:00:00Z,No network-failure recovery is specified.
R08,yes,Prevent duplicate submission,current,,no,Synthetic scope reviewer,pass,artifact.html#send,,pass,walkthrough.md#r08,,unassessed,,Specification only; no code supplied.,unassessed,,No running system or runtime test supplied.,Synthetic reviewer,2026-09-26T12:00:00Z,One request per submission token; explanation says Protected.
R09,yes,Allow cancellation before submission,current,,no,Synthetic scope reviewer,pass,artifact.html#send,,pass,walkthrough.md#r09,,unassessed,,Specification only; no code supplied.,unassessed,,No running system or runtime test supplied.,Synthetic reviewer,2026-09-26T12:00:00Z,"Leave abandons unsent request, with an ambiguous control label."
R10,yes,Confirm consequential access change,current,,no,Synthetic scope reviewer,fail,artifact.html#send,,fail,walkthrough.md#r10,,unassessed,,Specification only; no code supplied.,unassessed,,No running system or runtime test supplied.,Synthetic reviewer,2026-09-26T12:00:00Z,Sending an access-change request has no confirmation step.
